run,returncode,sync_producer_time_ms,sync_end_to_end_time_ms,sync_attempted,sync_logged,sync_dropped,sync_dropped_denominator,sync_dropped_pct,sync_producer_lines_sec,sync_end_to_end_lines_sec,sync_checksum,async_producer_time_ms,async_end_to_end_time_ms,async_attempted,async_logged,async_dropped,async_dropped_denominator,async_dropped_pct,async_producer_lines_sec,async_end_to_end_lines_sec,async_checksum,sync_valid_sum,sync_valid_expected,async_valid_sum,async_valid_expected,spd_producer_time_ms,spd_end_to_end_time_ms,spd_attempted,spd_logged,spd_dropped,spd_dropped_denominator,spd_dropped_pct,spd_producer_lines_sec,spd_end_to_end_lines_sec,spd_checksum,spd_valid_sum,spd_valid_expected
1,0,1082.28,1082.28,400000,400000,0,400000,0.0,369591.0,369591.0,0x9c203f5b85d1ed12,73.89,74.1,400000,400000,0,400000,0.0,5413164.0,5397956.0,0x9c203f5b85d1ed12,400000,400000,400000,400000,264.19,265.32,400000,86004,313996,400000,78.5,1514064.0,1507613.0,0x9c203f5b85d1ed12,400000,400000
2,0,972.13,972.13,400000,400000,0,400000,0.0,411467.0,411467.0,0x9c203f5b85d1ed12,76.09,76.29,400000,392147,7853,400000,2.0,5256663.0,5243206.0,0x9c203f5b85d1ed12,400000,400000,400000,400000,258.08,258.48,400000,106159,293841,400000,73.5,1549922.0,1547486.0,0x9c203f5b85d1ed12,400000,400000
3,0,950.91,950.91,400000,400000,0,400000,0.0,420650.0,420650.0,0x9c203f5b85d1ed12,74.29,74.54,400000,394058,5942,400000,1.5,5384657.0,5366312.0,0x9c203f5b85d1ed12,400000,400000,400000,400000,267.17,268.68,400000,97048,302952,400000,75.7,1497174.0,1488785.0,0x9c203f5b85d1ed12,400000,400000
4,0,952.61,952.61,400000,400000,0,400000,0.0,419899.0,419899.0,0x9c203f5b85d1ed12,74.51,74.71,400000,397948,2052,400000,0.5,5368589.0,5353959.0,0x9c203f5b85d1ed12,400000,400000,400000,400000,260.64,261.0,400000,107999,292001,400000,73.0,1534695.0,1532575.0,0x9c203f5b85d1ed12,400000,400000
5,0,947.99,947.99,400000,400000,0,400000,0.0,421944.0,421944.0,0x9c203f5b85d1ed12,73.31,73.55,400000,399644,356,400000,0.1,5455935.0,5438332.0,0x9c203f5b85d1ed12,400000,400000,400000,400000,262.68,263.75,400000,104979,295021,400000,73.8,1522782.0,1516570.0,0x9c203f5b85d1ed12,400000,400000
6,0,930.84,930.84,400000,400000,0,400000,0.0,429721.0,429721.0,0x9c203f5b85d1ed12,74.09,74.27,400000,400000,0,400000,0.0,5398835.0,5385916.0,0x9c203f5b85d1ed12,400000,400000,400000,400000,326.54,327.2,400000,110649,289351,400000,72.3,1224960.0,1222489.0,0x9c203f5b85d1ed12,400000,400000
7,0,993.4,993.4,400000,400000,0,400000,0.0,402657.0,402657.0,0x9c203f5b85d1ed12,72.74,72.94,400000,400000,0,400000,0.0,5499309.0,5483667.0,0x9c203f5b85d1ed12,400000,400000,400000,400000,264.06,264.74,400000,100820,299180,400000,74.8,1514791.0,1510937.0,0x9c203f5b85d1ed12,400000,400000
8,0,947.78,947.78,400000,400000,0,400000,0.0,422040.0,422040.0,0x9c203f5b85d1ed12,73.32,73.51,400000,389656,10344,400000,2.6,5455213.0,5441706.0,0x9c203f5b85d1ed12,400000,400000,400000,400000,251.81,252.55,400000,101324,298676,400000,74.7,1588522.0,1583864.0,0x9c203f5b85d1ed12,400000,400000
9,0,952.89,952.89,400000,400000,0,400000,0.0,419775.0,419775.0,0x9c203f5b85d1ed12,72.05,72.36,400000,361517,38483,400000,9.6,5551637.0,5528052.0,0x9c203f5b85d1ed12,400000,400000,400000,400000,269.06,269.49,400000,105328,294672,400000,73.7,1486639.0,1484287.0,0x9c203f5b85d1ed12,400000,400000
10,0,960.43,960.43,400000,400000,0,400000,0.0,416480.0,416480.0,0x9c203f5b85d1ed12,71.06,71.28,400000,382191,17809,400000,4.5,5629193.0,5611983.0,0x9c203f5b85d1ed12,400000,400000,400000,400000,261.22,261.6,400000,103618,296382,400000,74.1,1531265.0,1529071.0,0x9c203f5b85d1ed12,400000,400000
11,0,967.28,967.28,400000,400000,0,400000,0.0,413529.0,413529.0,0x9c203f5b85d1ed12,72.04,72.33,400000,400000,0,400000,0.0,5552775.0,5529867.0,0x9c203f5b85d1ed12,400000,400000,400000,400000,260.85,261.21,400000,102481,297519,400000,74.4,1533477.0,1531327.0,0x9c203f5b85d1ed12,400000,400000
12,0,921.71,921.71,400000,400000,0,400000,0.0,433976.0,433976.0,0x9c203f5b85d1ed12,69.12,69.41,400000,271801,128199,400000,32.0,5787195.0,5763064.0,0x9c203f5b85d1ed12,400000,400000,400000,400000,255.77,257.34,400000,101020,298980,400000,74.7,1563898.0,1554347.0,0x9c203f5b85d1ed12,400000,400000
13,0,954.96,954.96,400000,400000,0,400000,0.0,418866.0,418866.0,0x9c203f5b85d1ed12,72.29,72.57,400000,400000,0,400000,0.0,5533080.0,5512040.0,0x9c203f5b85d1ed12,400000,400000,400000,400000,272.33,272.8,400000,99233,300767,400000,75.2,1468831.0,1466295.0,0x9c203f5b85d1ed12,400000,400000
14,0,945.56,945.56,400000,400000,0,400000,0.0,423030.0,423030.0,0x9c203f5b85d1ed12,71.52,71.64,400000,400000,0,400000,0.0,5592518.0,5583711.0,0x9c203f5b85d1ed12,400000,400000,400000,400000,249.59,250.33,400000,98227,301773,400000,75.4,1602653.0,1597873.0,0x9c203f5b85d1ed12,400000,400000
15,0,937.3,937.3,400000,400000,0,400000,0.0,426756.0,426756.0,0x9c203f5b85d1ed12,72.6,72.71,400000,400000,0,400000,0.0,5509701.0,5501654.0,0x9c203f5b85d1ed12,400000,400000,400000,400000,246.4,247.59,400000,106566,293434,400000,73.4,1623386.0,1615584.0,0x9c203f5b85d1ed12,400000,400000
16,0,957.31,957.31,400000,400000,0,400000,0.0,417835.0,417835.0,0x9c203f5b85d1ed12,71.42,71.61,400000,400000,0,400000,0.0,5601063.0,5585741.0,0x9c203f5b85d1ed12,400000,400000,400000,400000,263.08,263.47,400000,100929,299071,400000,74.8,1520424.0,1518196.0,0x9c203f5b85d1ed12,400000,400000
17,0,950.7,950.7,400000,400000,0,400000,0.0,420741.0,420741.0,0x9c203f5b85d1ed12,72.97,73.23,400000,389440,10560,400000,2.6,5481928.0,5462279.0,0x9c203f5b85d1ed12,400000,400000,400000,400000,251.69,252.06,400000,101860,298140,400000,74.5,1589273.0,1586932.0,0x9c203f5b85d1ed12,400000,400000
18,0,931.26,931.26,400000,400000,0,400000,0.0,429526.0,429526.0,0x9c203f5b85d1ed12,73.69,73.91,400000,400000,0,400000,0.0,5427991.0,5412270.0,0x9c203f5b85d1ed12,400000,400000,400000,400000,263.17,263.61,400000,95779,304221,400000,76.1,1519951.0,1517401.0,0x9c203f5b85d1ed12,400000,400000
19,0,940.14,940.14,400000,400000,0,400000,0.0,425467.0,425467.0,0x9c203f5b85d1ed12,75.24,75.39,400000,388148,11852,400000,3.0,5316489.0,5305444.0,0x9c203f5b85d1ed12,400000,400000,400000,400000,253.96,254.35,400000,99542,300458,400000,75.1,1575068.0,1572618.0,0x9c203f5b85d1ed12,400000,400000
20,0,943.83,943.83,400000,400000,0,400000,0.0,423806.0,423806.0,0x9c203f5b85d1ed12,75.66,75.82,400000,400000,0,400000,0.0,5286771.0,5275583.0,0x9c203f5b85d1ed12,400000,400000,400000,400000,252.51,253.38,400000,96458,303542,400000,75.9,1584072.0,1578647.0,0x9c203f5b85d1ed12,400000,400000
21,0,956.08,956.08,400000,400000,0,400000,0.0,418376.0,418376.0,0x9c203f5b85d1ed12,74.2,74.41,400000,400000,0,400000,0.0,5391072.0,5375441.0,0x9c203f5b85d1ed12,400000,400000,400000,400000,266.67,267.61,400000,98330,301670,400000,75.4,1499975.0,1494697.0,0x9c203f5b85d1ed12,400000,400000
22,0,939.95,939.95,400000,400000,0,400000,0.0,425554.0,425554.0,0x9c203f5b85d1ed12,73.02,73.25,400000,380306,19694,400000,4.9,5478194.0,5460946.0,0x9c203f5b85d1ed12,400000,400000,400000,400000,252.22,252.61,400000,103500,296500,400000,74.1,1585919.0,1583463.0,0x9c203f5b85d1ed12,400000,400000
23,0,945.79,945.79,400000,400000,0,400000,0.0,422928.0,422928.0,0x9c203f5b85d1ed12,73.88,74.19,400000,389825,10175,400000,2.5,5413912.0,5391450.0,0x9c203f5b85d1ed12,400000,400000,400000,400000,264.06,264.44,400000,104678,295322,400000,73.8,1514786.0,1512618.0,0x9c203f5b85d1ed12,400000,400000
24,0,945.99,945.99,400000,400000,0,400000,0.0,422838.0,422838.0,0x9c203f5b85d1ed12,76.37,76.57,400000,400000,0,400000,0.0,5237457.0,5223681.0,0x9c203f5b85d1ed12,400000,400000,400000,400000,252.44,253.56,400000,101647,298353,400000,74.6,1584549.0,1577551.0,0x9c203f5b85d1ed12,400000,400000
25,0,951.61,951.61,400000,400000,0,400000,0.0,420342.0,420342.0,0x9c203f5b85d1ed12,72.43,72.64,400000,384200,15800,400000,4.0,5522480.0,5506637.0,0x9c203f5b85d1ed12,400000,400000,400000,400000,255.02,255.48,400000,102064,297936,400000,74.5,1568477.0,1565672.0,0x9c203f5b85d1ed12,400000,400000
26,0,945.92,945.92,400000,400000,0,400000,0.0,422871.0,422871.0,0x9c203f5b85d1ed12,72.49,72.71,400000,383251,16749,400000,4.2,5518167.0,5501326.0,0x9c203f5b85d1ed12,400000,400000,400000,400000,261.21,262.22,400000,98408,301592,400000,75.4,1531343.0,1525462.0,0x9c203f5b85d1ed12,400000,400000
27,0,947.0,947.0,400000,400000,0,400000,0.0,422386.0,422386.0,0x9c203f5b85d1ed12,75.39,75.61,400000,400000,0,400000,0.0,5305903.0,5290166.0,0x9c203f5b85d1ed12,400000,400000,400000,400000,285.19,285.79,400000,101606,298394,400000,74.6,1402585.0,1399619.0,0x9c203f5b85d1ed12,400000,400000
28,0,1019.58,1019.58,400000,400000,0,400000,0.0,392319.0,392319.0,0x9c203f5b85d1ed12,72.12,72.34,400000,400000,0,400000,0.0,5546007.0,5529424.0,0x9c203f5b85d1ed12,400000,400000,400000,400000,253.34,254.32,400000,97316,302684,400000,75.7,1578886.0,1572828.0,0x9c203f5b85d1ed12,400000,400000
29,0,930.89,930.89,400000,400000,0,400000,0.0,429696.0,429696.0,0x9c203f5b85d1ed12,71.63,71.73,400000,400000,0,400000,0.0,5583958.0,5576421.0,0x9c203f5b85d1ed12,400000,400000,400000,400000,265.25,265.96,400000,114721,285279,400000,71.3,1508007.0,1503991.0,0x9c203f5b85d1ed12,400000,400000
30,0,952.13,952.13,400000,400000,0,400000,0.0,420111.0,420111.0,0x9c203f5b85d1ed12,78.74,78.97,400000,398364,1636,400000,0.4,5079930.0,5065072.0,0x9c203f5b85d1ed12,400000,400000,400000,400000,266.55,267.45,400000,102827,297173,400000,74.3,1500673.0,1495630.0,0x9c203f5b85d1ed12,400000,400000
31,0,926.86,926.86,400000,400000,0,400000,0.0,431566.0,431566.0,0x9c203f5b85d1ed12,71.74,71.83,400000,400000,0,400000,0.0,5575863.0,5568380.0,0x9c203f5b85d1ed12,400000,400000,400000,400000,277.22,277.68,400000,95787,304213,400000,76.1,1442920.0,1440522.0,0x9c203f5b85d1ed12,400000,400000
32,0,970.98,970.98,400000,400000,0,400000,0.0,411956.0,411956.0,0x9c203f5b85d1ed12,71.7,71.97,400000,400000,0,400000,0.0,5578428.0,5557908.0,0x9c203f5b85d1ed12,400000,400000,400000,400000,259.47,259.84,400000,102438,297562,400000,74.4,1541624.0,1539384.0,0x9c203f5b85d1ed12,400000,400000
33,0,950.63,950.63,400000,400000,0,400000,0.0,420775.0,420775.0,0x9c203f5b85d1ed12,73.15,73.6,400000,395275,4725,400000,1.2,5468155.0,5434981.0,0x9c203f5b85d1ed12,400000,400000,400000,400000,252.32,252.73,400000,98058,301942,400000,75.5,1585309.0,1582737.0,0x9c203f5b85d1ed12,400000,400000
34,0,958.96,958.96,400000,400000,0,400000,0.0,417120.0,417120.0,0x9c203f5b85d1ed12,75.64,75.84,400000,388058,11942,400000,3.0,5288386.0,5274245.0,0x9c203f5b85d1ed12,400000,400000,400000,400000,254.02,254.39,400000,95465,304535,400000,76.1,1574669.0,1572382.0,0x9c203f5b85d1ed12,400000,400000
35,0,935.69,935.69,400000,400000,0,400000,0.0,427491.0,427491.0,0x9c203f5b85d1ed12,75.78,76.04,400000,362236,37764,400000,9.4,5278437.0,5260284.0,0x9c203f5b85d1ed12,400000,400000,400000,400000,282.32,282.7,400000,93271,306729,400000,76.7,1416851.0,1414951.0,0x9c203f5b85d1ed12,400000,400000
36,0,950.64,950.64,400000,400000,0,400000,0.0,420768.0,420768.0,0x9c203f5b85d1ed12,72.19,72.38,400000,400000,0,400000,0.0,5541282.0,5526428.0,0x9c203f5b85d1ed12,400000,400000,400000,400000,259.56,260.64,400000,101737,298263,400000,74.6,1541070.0,1534679.0,0x9c203f5b85d1ed12,400000,400000
37,0,949.09,949.09,400000,400000,0,400000,0.0,421455.0,421455.0,0x9c203f5b85d1ed12,71.41,71.63,400000,369746,30254,400000,7.6,5601785.0,5583965.0,0x9c203f5b85d1ed12,400000,400000,400000,400000,248.89,249.29,400000,91894,308106,400000,77.0,1607131.0,1604563.0,0x9c203f5b85d1ed12,400000,400000
38,0,987.05,987.05,400000,400000,0,400000,0.0,405248.0,405248.0,0x9c203f5b85d1ed12,72.34,72.52,400000,368562,31438,400000,7.9,5529690.0,5515740.0,0x9c203f5b85d1ed12,400000,400000,400000,400000,265.89,266.27,400000,96204,303796,400000,75.9,1504376.0,1502225.0,0x9c203f5b85d1ed12,400000,400000
39,0,960.48,960.48,400000,400000,0,400000,0.0,416460.0,416460.0,0x9c203f5b85d1ed12,74.08,74.24,400000,398133,1867,400000,0.5,5399749.0,5388120.0,0x9c203f5b85d1ed12,400000,400000,400000,400000,254.36,254.77,400000,106665,293335,400000,73.3,1572545.0,1570015.0,0x9c203f5b85d1ed12,400000,400000
40,0,970.95,970.95,400000,400000,0,400000,0.0,411968.0,411968.0,0x9c203f5b85d1ed12,72.1,72.39,400000,400000,0,400000,0.0,5547864.0,5525256.0,0x9c203f5b85d1ed12,400000,400000,400000,400000,253.82,254.79,400000,102268,297732,400000,74.4,1575923.0,1569913.0,0x9c203f5b85d1ed12,400000,400000
41,0,932.89,932.89,400000,400000,0,400000,0.0,428774.0,428774.0,0x9c203f5b85d1ed12,72.92,73.15,400000,374755,25245,400000,6.3,5485590.0,5468277.0,0x9c203f5b85d1ed12,400000,400000,400000,400000,262.15,262.61,400000,104643,295357,400000,73.8,1525847.0,1523157.0,0x9c203f5b85d1ed12,400000,400000
42,0,969.26,969.26,400000,400000,0,400000,0.0,412684.0,412684.0,0x9c203f5b85d1ed12,72.37,72.55,400000,399479,521,400000,0.1,5526965.0,5513756.0,0x9c203f5b85d1ed12,400000,400000,400000,400000,257.58,258.01,400000,99491,300509,400000,75.1,1552937.0,1550350.0,0x9c203f5b85d1ed12,400000,400000
43,0,958.85,958.85,400000,400000,0,400000,0.0,417165.0,417165.0,0x9c203f5b85d1ed12,71.98,72.22,400000,358105,41895,400000,10.5,5557203.0,5538374.0,0x9c203f5b85d1ed12,400000,400000,400000,400000,255.46,255.83,400000,101733,298267,400000,74.6,1565830.0,1563518.0,0x9c203f5b85d1ed12,400000,400000
44,0,973.07,973.07,400000,400000,0,400000,0.0,411071.0,411071.0,0x9c203f5b85d1ed12,72.16,72.35,400000,393075,6925,400000,1.7,5542931.0,5528845.0,0x9c203f5b85d1ed12,400000,400000,400000,400000,261.97,262.38,400000,98132,301868,400000,75.5,1526878.0,1524502.0,0x9c203f5b85d1ed12,400000,400000
45,0,1006.26,1006.26,400000,400000,0,400000,0.0,397510.0,397510.0,0x9c203f5b85d1ed12,82.74,82.92,400000,400000,0,400000,0.0,4834355.0,4823999.0,0x9c203f5b85d1ed12,400000,400000,400000,400000,273.67,274.51,400000,96802,303198,400000,75.8,1461607.0,1457143.0,0x9c203f5b85d1ed12,400000,400000
46,0,990.8,990.8,400000,400000,0,400000,0.0,403714.0,403714.0,0x9c203f5b85d1ed12,75.32,75.53,400000,400000,0,400000,0.0,5310958.0,5295775.0,0x9c203f5b85d1ed12,400000,400000,400000,400000,260.95,261.57,400000,99036,300964,400000,75.2,1532876.0,1529227.0,0x9c203f5b85d1ed12,400000,400000
47,0,935.62,935.62,400000,400000,0,400000,0.0,427523.0,427523.0,0x9c203f5b85d1ed12,73.62,73.92,400000,397499,2501,400000,0.6,5432980.0,5410942.0,0x9c203f5b85d1ed12,400000,400000,400000,400000,266.57,266.97,400000,111439,288561,400000,72.1,1500558.0,1498290.0,0x9c203f5b85d1ed12,400000,400000
48,0,1001.34,1001.34,400000,400000,0,400000,0.0,399465.0,399465.0,0x9c203f5b85d1ed12,70.69,70.86,400000,347471,52529,400000,13.1,5658360.0,5644929.0,0x9c203f5b85d1ed12,400000,400000,400000,400000,258.59,259.03,400000,93857,306143,400000,76.5,1546842.0,1544244.0,0x9c203f5b85d1ed12,400000,400000
49,0,950.64,950.64,400000,400000,0,400000,0.0,420770.0,420770.0,0x9c203f5b85d1ed12,71.83,71.97,400000,388684,11316,400000,2.8,5568575.0,5557791.0,0x9c203f5b85d1ed12,400000,400000,400000,400000,258.42,258.82,400000,97077,302923,400000,75.7,1547880.0,1545503.0,0x9c203f5b85d1ed12,400000,400000
50,0,984.72,984.72,400000,400000,0,400000,0.0,406208.0,406208.0,0x9c203f5b85d1ed12,74.33,74.51,400000,400000,0,400000,0.0,5381218.0,5368137.0,0x9c203f5b85d1ed12,400000,400000,400000,400000,256.07,256.49,400000,104262,295738,400000,73.9,1562064.0,1559494.0,0x9c203f5b85d1ed12,400000,400000
51,0,946.74,946.74,400000,400000,0,400000,0.0,422502.0,422502.0,0x9c203f5b85d1ed12,71.83,72.12,400000,385561,14439,400000,3.6,5568461.0,5546358.0,0x9c203f5b85d1ed12,400000,400000,400000,400000,258.3,258.68,400000,105023,294977,400000,73.7,1548577.0,1546287.0,0x9c203f5b85d1ed12,400000,400000
52,0,946.79,946.79,400000,400000,0,400000,0.0,422478.0,422478.0,0x9c203f5b85d1ed12,72.95,73.22,400000,400000,0,400000,0.0,5483275.0,5463205.0,0x9c203f5b85d1ed12,400000,400000,400000,400000,253.64,255.25,400000,103563,296437,400000,74.1,1577011.0,1567073.0,0x9c203f5b85d1ed12,400000,400000
53,0,945.01,945.01,400000,400000,0,400000,0.0,423277.0,423277.0,0x9c203f5b85d1ed12,78.17,78.34,400000,372777,27223,400000,6.8,5117068.0,5106063.0,0x9c203f5b85d1ed12,400000,400000,400000,400000,278.58,278.96,400000,108280,291720,400000,72.9,1435842.0,1433872.0,0x9c203f5b85d1ed12,400000,400000
54,0,927.02,927.02,400000,400000,0,400000,0.0,431490.0,431490.0,0x9c203f5b85d1ed12,74.92,75.13,400000,400000,0,400000,0.0,5339188.0,5324434.0,0x9c203f5b85d1ed12,400000,400000,400000,400000,257.48,257.86,400000,111265,288735,400000,72.2,1553538.0,1551257.0,0x9c203f5b85d1ed12,400000,400000
55,0,956.67,956.67,400000,400000,0,400000,0.0,418115.0,418115.0,0x9c203f5b85d1ed12,73.57,73.71,400000,391954,8046,400000,2.0,5437202.0,5426411.0,0x9c203f5b85d1ed12,400000,400000,400000,400000,249.63,250.12,400000,106181,293819,400000,73.5,1602387.0,1599244.0,0x9c203f5b85d1ed12,400000,400000
56,0,982.15,982.15,400000,400000,0,400000,0.0,407268.0,407268.0,0x9c203f5b85d1ed12,71.55,71.83,400000,387088,12912,400000,3.2,5590183.0,5568507.0,0x9c203f5b85d1ed12,400000,400000,400000,400000,270.4,271.69,400000,92174,307826,400000,77.0,1479284.0,1472287.0,0x9c203f5b85d1ed12,400000,400000
57,0,948.3,948.3,400000,400000,0,400000,0.0,421806.0,421806.0,0x9c203f5b85d1ed12,72.42,72.64,400000,382383,17617,400000,4.4,5523577.0,5506431.0,0x9c203f5b85d1ed12,400000,400000,400000,400000,252.64,253.79,400000,97834,302166,400000,75.5,1583260.0,1576094.0,0x9c203f5b85d1ed12,400000,400000
58,0,937.19,937.19,400000,400000,0,400000,0.0,426808.0,426808.0,0x9c203f5b85d1ed12,71.96,72.17,400000,396395,3605,400000,0.9,5558749.0,5542705.0,0x9c203f5b85d1ed12,400000,400000,400000,400000,257.57,257.95,400000,99601,300399,400000,75.1,1552957.0,1550681.0,0x9c203f5b85d1ed12,400000,400000
59,0,957.88,957.88,400000,400000,0,400000,0.0,417590.0,417590.0,0x9c203f5b85d1ed12,73.21,73.44,400000,396819,3181,400000,0.8,5463814.0,5446538.0,0x9c203f5b85d1ed12,400000,400000,400000,400000,264.37,264.83,400000,90343,309657,400000,77.4,1513041.0,1510392.0,0x9c203f5b85d1ed12,400000,400000
60,0,940.34,940.34,400000,400000,0,400000,0.0,425379.0,425379.0,0x9c203f5b85d1ed12,73.63,73.72,400000,400000,0,400000,0.0,5432818.0,5426132.0,0x9c203f5b85d1ed12,400000,400000,400000,400000,265.22,265.71,400000,103070,296930,400000,74.2,1508164.0,1505422.0,0x9c203f5b85d1ed12,400000,400000
61,0,962.2,962.2,400000,400000,0,400000,0.0,415712.0,415712.0,0x9c203f5b85d1ed12,72.12,72.32,400000,400000,0,400000,0.0,5546209.0,5531018.0,0x9c203f5b85d1ed12,400000,400000,400000,400000,254.0,255.48,400000,97078,302922,400000,75.7,1574826.0,1565698.0,0x9c203f5b85d1ed12,400000,400000
62,0,960.26,960.26,400000,400000,0,400000,0.0,416555.0,416555.0,0x9c203f5b85d1ed12,79.17,79.41,400000,371441,28559,400000,7.1,5052377.0,5037020.0,0x9c203f5b85d1ed12,400000,400000,400000,400000,255.45,256.18,400000,101047,298953,400000,74.7,1565867.0,1561397.0,0x9c203f5b85d1ed12,400000,400000
63,0,969.97,969.97,400000,400000,0,400000,0.0,412383.0,412383.0,0x9c203f5b85d1ed12,74.82,74.91,400000,399611,389,400000,0.1,5346475.0,5339476.0,0x9c203f5b85d1ed12,400000,400000,400000,400000,282.88,283.84,400000,104526,295474,400000,73.9,1414045.0,1409269.0,0x9c203f5b85d1ed12,400000,400000
64,0,1003.46,1003.46,400000,400000,0,400000,0.0,398621.0,398621.0,0x9c203f5b85d1ed12,71.99,72.27,400000,400000,0,400000,0.0,5556657.0,5534683.0,0x9c203f5b85d1ed12,400000,400000,400000,400000,258.46,258.84,400000,103085,296915,400000,74.2,1547612.0,1545342.0,0x9c203f5b85d1ed12,400000,400000
65,0,944.04,944.04,400000,400000,0,400000,0.0,423709.0,423709.0,0x9c203f5b85d1ed12,76.46,76.7,400000,391076,8924,400000,2.2,5231641.0,5215362.0,0x9c203f5b85d1ed12,400000,400000,400000,400000,250.1,250.48,400000,100665,299335,400000,74.8,1599360.0,1596943.0,0x9c203f5b85d1ed12,400000,400000
66,0,935.88,935.88,400000,400000,0,400000,0.0,427406.0,427406.0,0x9c203f5b85d1ed12,74.26,74.43,400000,397273,2727,400000,0.7,5386743.0,5373922.0,0x9c203f5b85d1ed12,400000,400000,400000,400000,255.49,255.86,400000,108609,291391,400000,72.8,1565592.0,1563352.0,0x9c203f5b85d1ed12,400000,400000
67,0,973.32,973.32,400000,400000,0,400000,0.0,410965.0,410965.0,0x9c203f5b85d1ed12,72.85,72.95,400000,397982,2018,400000,0.5,5490936.0,5483546.0,0x9c203f5b85d1ed12,400000,400000,400000,400000,248.35,250.0,400000,102462,297538,400000,74.4,1610610.0,1599987.0,0x9c203f5b85d1ed12,400000,400000
68,0,979.45,979.45,400000,400000,0,400000,0.0,408394.0,408394.0,0x9c203f5b85d1ed12,71.96,72.17,400000,383735,16265,400000,4.1,5558669.0,5542459.0,0x9c203f5b85d1ed12,400000,400000,400000,400000,256.05,256.43,400000,103770,296230,400000,74.1,1562176.0,1559857.0,0x9c203f5b85d1ed12,400000,400000
69,0,930.24,930.24,400000,400000,0,400000,0.0,429995.0,429995.0,0x9c203f5b85d1ed12,72.14,72.4,400000,400000,0,400000,0.0,5544619.0,5524783.0,0x9c203f5b85d1ed12,400000,400000,400000,400000,258.44,258.83,400000,102308,297692,400000,74.4,1547748.0,1545435.0,0x9c203f5b85d1ed12,400000,400000
70,0,953.03,953.03,400000,400000,0,400000,0.0,419713.0,419713.0,0x9c203f5b85d1ed12,72.88,73.16,400000,398672,1328,400000,0.3,5488402.0,5467278.0,0x9c203f5b85d1ed12,400000,400000,400000,400000,278.26,279.15,400000,97173,302827,400000,75.7,1437511.0,1432937.0,0x9c203f5b85d1ed12,400000,400000
71,0,960.84,960.84,400000,400000,0,400000,0.0,416300.0,416300.0,0x9c203f5b85d1ed12,71.92,72.2,400000,398633,1367,400000,0.3,5561791.0,5540508.0,0x9c203f5b85d1ed12,400000,400000,400000,400000,268.57,269.04,400000,98452,301548,400000,75.4,1489391.0,1486743.0,0x9c203f5b85d1ed12,400000,400000
72,0,937.46,937.46,400000,400000,0,400000,0.0,426685.0,426685.0,0x9c203f5b85d1ed12,71.65,71.74,400000,393496,6504,400000,1.6,5582890.0,5575783.0,0x9c203f5b85d1ed12,400000,400000,400000,400000,257.27,257.72,400000,93515,306485,400000,76.6,1554806.0,1552052.0,0x9c203f5b85d1ed12,400000,400000
73,0,967.07,967.07,400000,400000,0,400000,0.0,413621.0,413621.0,0x9c203f5b85d1ed12,72.45,72.67,400000,400000,0,400000,0.0,5521223.0,5503956.0,0x9c203f5b85d1ed12,400000,400000,400000,400000,254.74,256.07,400000,95332,304668,400000,76.2,1570258.0,1562071.0,0x9c203f5b85d1ed12,400000,400000
74,0,961.96,961.96,400000,400000,0,400000,0.0,415817.0,415817.0,0x9c203f5b85d1ed12,72.31,72.56,400000,397540,2460,400000,0.6,5531809.0,5512836.0,0x9c203f5b85d1ed12,400000,400000,400000,400000,262.03,262.4,400000,103665,296335,400000,74.1,1526551.0,1524394.0,0x9c203f5b85d1ed12,400000,400000
75,0,950.23,950.23,400000,400000,0,400000,0.0,420951.0,420951.0,0x9c203f5b85d1ed12,76.31,76.49,400000,400000,0,400000,0.0,5241602.0,5229436.0,0x9c203f5b85d1ed12,400000,400000,400000,400000,256.08,257.5,400000,99339,300661,400000,75.2,1562041.0,1553407.0,0x9c203f5b85d1ed12,400000,400000
76,0,947.06,947.06,400000,400000,0,400000,0.0,422359.0,422359.0,0x9c203f5b85d1ed12,72.45,72.69,400000,400000,0,400000,0.0,5521366.0,5503117.0,0x9c203f5b85d1ed12,400000,400000,400000,400000,265.38,265.77,400000,94773,305227,400000,76.3,1507257.0,1505066.0,0x9c203f5b85d1ed12,400000,400000
77,0,967.27,967.27,400000,400000,0,400000,0.0,413537.0,413537.0,0x9c203f5b85d1ed12,73.66,73.88,400000,378176,21824,400000,5.5,5430280.0,5414013.0,0x9c203f5b85d1ed12,400000,400000,400000,400000,266.03,267.54,400000,99882,300118,400000,75.0,1503603.0,1495098.0,0x9c203f5b85d1ed12,400000,400000
78,0,951.0,951.0,400000,400000,0,400000,0.0,420612.0,420612.0,0x9c203f5b85d1ed12,75.31,75.49,400000,398210,1790,400000,0.4,5311158.0,5298494.0,0x9c203f5b85d1ed12,400000,400000,400000,400000,301.51,303.13,400000,98514,301486,400000,75.4,1326655.0,1319566.0,0x9c203f5b85d1ed12,400000,400000
79,0,985.63,985.63,400000,400000,0,400000,0.0,405831.0,405831.0,0x9c203f5b85d1ed12,73.15,73.33,400000,400000,0,400000,0.0,5468502.0,5454832.0,0x9c203f5b85d1ed12,400000,400000,400000,400000,255.38,255.78,400000,101334,298666,400000,74.7,1566268.0,1563841.0,0x9c203f5b85d1ed12,400000,400000
80,0,976.81,976.81,400000,400000,0,400000,0.0,409497.0,409497.0,0x9c203f5b85d1ed12,73.16,73.33,400000,394738,5262,400000,1.3,5467098.0,5454689.0,0x9c203f5b85d1ed12,400000,400000,400000,400000,264.83,265.24,400000,109344,290656,400000,72.7,1510408.0,1508043.0,0x9c203f5b85d1ed12,400000,400000
81,0,979.14,979.14,400000,400000,0,400000,0.0,408522.0,408522.0,0x9c203f5b85d1ed12,71.95,72.25,400000,400000,0,400000,0.0,5559070.0,5535988.0,0x9c203f5b85d1ed12,400000,400000,400000,400000,255.44,255.85,400000,105028,294972,400000,73.7,1565913.0,1563410.0,0x9c203f5b85d1ed12,400000,400000
82,0,946.87,946.87,400000,400000,0,400000,0.0,422444.0,422444.0,0x9c203f5b85d1ed12,74.02,74.3,400000,363749,36251,400000,9.1,5403625.0,5383505.0,0x9c203f5b85d1ed12,400000,400000,400000,400000,253.72,254.46,400000,102914,297086,400000,74.3,1576516.0,1571950.0,0x9c203f5b85d1ed12,400000,400000
83,0,967.93,967.93,400000,400000,0,400000,0.0,413254.0,413254.0,0x9c203f5b85d1ed12,73.52,73.73,400000,400000,0,400000,0.0,5440955.0,5424963.0,0x9c203f5b85d1ed12,400000,400000,400000,400000,255.4,256.97,400000,102025,297975,400000,74.5,1566145.0,1556590.0,0x9c203f5b85d1ed12,400000,400000
84,0,957.93,957.93,400000,400000,0,400000,0.0,417566.0,417566.0,0x9c203f5b85d1ed12,74.77,75.11,400000,391530,8470,400000,2.1,5349398.0,5325277.0,0x9c203f5b85d1ed12,400000,400000,400000,400000,253.76,254.64,400000,102172,297828,400000,74.5,1576303.0,1570832.0,0x9c203f5b85d1ed12,400000,400000
85,0,944.88,944.88,400000,400000,0,400000,0.0,423333.0,423333.0,0x9c203f5b85d1ed12,76.2,76.49,400000,393602,6398,400000,1.6,5249245.0,5229384.0,0x9c203f5b85d1ed12,400000,400000,400000,400000,259.43,259.87,400000,105013,294987,400000,73.7,1541837.0,1539256.0,0x9c203f5b85d1ed12,400000,400000
86,0,997.46,997.46,400000,400000,0,400000,0.0,401017.0,401017.0,0x9c203f5b85d1ed12,73.09,73.27,400000,396885,3115,400000,0.8,5472971.0,5459390.0,0x9c203f5b85d1ed12,400000,400000,400000,400000,254.69,255.77,400000,106749,293251,400000,73.3,1570520.0,1563928.0,0x9c203f5b85d1ed12,400000,400000
87,0,936.82,936.82,400000,400000,0,400000,0.0,426978.0,426978.0,0x9c203f5b85d1ed12,72.16,72.39,400000,400000,0,400000,0.0,5543149.0,5525751.0,0x9c203f5b85d1ed12,400000,400000,400000,400000,253.1,254.7,400000,97088,302912,400000,75.7,1580377.0,1570472.0,0x9c203f5b85d1ed12,400000,400000
88,0,974.5,974.5,400000,400000,0,400000,0.0,410469.0,410469.0,0x9c203f5b85d1ed12,72.64,72.8,400000,400000,0,400000,0.0,5506324.0,5494440.0,0x9c203f5b85d1ed12,400000,400000,400000,400000,250.18,250.75,400000,91052,308948,400000,77.2,1598823.0,1595186.0,0x9c203f5b85d1ed12,400000,400000
89,0,1008.88,1008.88,400000,400000,0,400000,0.0,396479.0,396479.0,0x9c203f5b85d1ed12,71.55,71.63,400000,400000,0,400000,0.0,5590762.0,5584171.0,0x9c203f5b85d1ed12,400000,400000,400000,400000,276.57,276.93,400000,105283,294717,400000,73.7,1446309.0,1444410.0,0x9c203f5b85d1ed12,400000,400000
90,0,942.83,942.83,400000,400000,0,400000,0.0,424253.0,424253.0,0x9c203f5b85d1ed12,73.27,73.6,400000,400000,0,400000,0.0,5459331.0,5434496.0,0x9c203f5b85d1ed12,400000,400000,400000,400000,260.58,261.67,400000,103973,296027,400000,74.0,1535015.0,1528651.0,0x9c203f5b85d1ed12,400000,400000
91,0,968.63,968.63,400000,400000,0,400000,0.0,412954.0,412954.0,0x9c203f5b85d1ed12,71.12,71.37,400000,364889,35111,400000,8.8,5623995.0,5604758.0,0x9c203f5b85d1ed12,400000,400000,400000,400000,268.39,304.23,400000,100101,299899,400000,75.0,1490380.0,1314812.0,0x9c203f5b85d1ed12,400000,400000
92,0,961.08,961.08,400000,400000,0,400000,0.0,416200.0,416200.0,0x9c203f5b85d1ed12,70.87,71.12,400000,375487,24513,400000,6.1,5644257.0,5624618.0,0x9c203f5b85d1ed12,400000,400000,400000,400000,256.56,258.28,400000,103987,296013,400000,74.0,1559068.0,1548691.0,0x9c203f5b85d1ed12,400000,400000
93,0,953.43,953.43,400000,400000,0,400000,0.0,419537.0,419537.0,0x9c203f5b85d1ed12,74.75,74.95,400000,400000,0,400000,0.0,5351391.0,5336928.0,0x9c203f5b85d1ed12,400000,400000,400000,400000,257.11,258.11,400000,103745,296255,400000,74.1,1555775.0,1549729.0,0x9c203f5b85d1ed12,400000,400000
94,0,929.33,929.33,400000,400000,0,400000,0.0,430417.0,430417.0,0x9c203f5b85d1ed12,73.96,74.17,400000,400000,0,400000,0.0,5408358.0,5392929.0,0x9c203f5b85d1ed12,400000,400000,400000,400000,251.8,252.22,400000,87405,312595,400000,78.1,1588593.0,1585935.0,0x9c203f5b85d1ed12,400000,400000
95,0,936.74,936.74,400000,400000,0,400000,0.0,427012.0,427012.0,0x9c203f5b85d1ed12,73.68,73.98,400000,398560,1440,400000,0.4,5428934.0,5406707.0,0x9c203f5b85d1ed12,400000,400000,400000,400000,256.78,257.14,400000,105842,294158,400000,73.5,1557778.0,1555586.0,0x9c203f5b85d1ed12,400000,400000
96,0,942.64,942.64,400000,400000,0,400000,0.0,424342.0,424342.0,0x9c203f5b85d1ed12,70.47,70.73,400000,372660,27340,400000,6.8,5676464.0,5655264.0,0x9c203f5b85d1ed12,400000,400000,400000,400000,262.51,262.88,400000,103668,296332,400000,74.1,1523780.0,1521586.0,0x9c203f5b85d1ed12,400000,400000
97,0,938.3,938.3,400000,400000,0,400000,0.0,426302.0,426302.0,0x9c203f5b85d1ed12,71.58,71.87,400000,400000,0,400000,0.0,5588036.0,5565923.0,0x9c203f5b85d1ed12,400000,400000,400000,400000,259.09,259.54,400000,100417,299583,400000,74.9,1543872.0,1541177.0,0x9c203f5b85d1ed12,400000,400000
98,0,947.97,947.97,400000,400000,0,400000,0.0,421955.0,421955.0,0x9c203f5b85d1ed12,73.59,73.79,400000,399948,52,400000,0.0,5435187.0,5420757.0,0x9c203f5b85d1ed12,400000,400000,400000,400000,250.79,252.36,400000,99284,300716,400000,75.2,1594973.0,1585039.0,0x9c203f5b85d1ed12,400000,400000
99,0,935.39,935.39,400000,400000,0,400000,0.0,427630.0,427630.0,0x9c203f5b85d1ed12,72.44,72.74,400000,400000,0,400000,0.0,5521832.0,5499178.0,0x9c203f5b85d1ed12,400000,400000,400000,400000,258.74,259.31,400000,101365,298635,400000,74.7,1545928.0,1542536.0,0x9c203f5b85d1ed12,400000,400000
100,0,933.69,933.69,400000,400000,0,400000,0.0,428406.0,428406.0,0x9c203f5b85d1ed12,74.01,74.35,400000,400000,0,400000,0.0,5404379.0,5379885.0,0x9c203f5b85d1ed12,400000,400000,400000,400000,285.32,286.0,400000,110746,289254,400000,72.3,1401953.0,1398579.0,0x9c203f5b85d1ed12,400000,400000
